DATE,AWAY,HOME
10/4/2024,NJD,BUF
10/5/2024,BUF,NJD
10/8/2024,STL,SEA
10/8/2024,BOS,FLA
10/8/2024,CHI,UTH
10/9/2024,TOR,MTL
10/9/2024,NYR,PIT
10/9/2024,WPG,EDM
10/9/2024,CGY,VAN
10/9/2024,COL,VGK
10/10/2024,MTL,BOS
10/10/2024,LAK,BUF
10/10/2024,FLA,OTT
10/10/2024,PIT,DET
10/10/2024,TOR,NJD
10/10/2024,UTH,NYI
10/10/2024,DAL,NSH
10/10/2024,CBJ,MIN
10/10/2024,STL,SJS
10/11/2024,TBL,CAR
10/11/2024,CHI,WPG
10/11/2024,PHI,VAN
10/11/2024,STL,VGK
10/12/2024,LAK,BOS
10/12/2024,FLA,BUF
10/12/2024,PIT,TOR
10/12/2024,OTT,MTL
10/12/2024,NSH,DET
10/12/2024,CAR,TBL
10/12/2024,UTH,NYR
10/12/2024,NJD,WSH
10/12/2024,NYI,DAL
10/12/2024,SEA,MIN
10/12/2024,CBJ,COL
10/12/2024,PHI,CGY
10/12/2024,CHI,EDM
10/12/2024,ANA,SJS
10/13/2024,MIN,WPG
10/13/2024,SEA,DAL
10/13/2024,CGY,EDM
10/13/2024,ANA,VGK
10/14/2024,FLA,BOS
10/14/2024,LAK,OTT
10/14/2024,UTH,NJD
10/14/2024,DET,NYR
10/14/2024,PIT,MTL
10/14/2024,NYI,COL
10/15/2024,VAN,TBL
10/15/2024,VGK,WSH
10/15/2024,NJD,CAR
10/15/2024,FLA,CBJ
10/15/2024,MIN,STL
10/15/2024,SEA,NSH
10/15/2024,SJS,DAL
10/15/2024,CHI,CGY
10/15/2024,PHI,EDM
10/16/2024,BUF,PIT
10/16/2024,LAK,TOR
10/16/2024,BOS,COL
10/16/2024,UTH,ANA
10/17/2024,LAK,MTL
10/17/2024,NJD,OTT
10/17/2024,NYR,DET
10/17/2024,VGK,TBL
10/17/2024,VAN,FLA
10/17/2024,DAL,WSH
10/17/2024,BUF,CBJ
10/17/2024,NYI,STL
10/17/2024,EDM,NSH
10/17/2024,SJS,CHI
10/17/2024,PHI,SEA
10/18/2024,CAR,PIT
10/18/2024,SJS,WPG
10/18/2024,ANA,COL
10/19/2024,TBL,OTT
10/19/2024,DET,NSH
10/19/2024,EDM,DAL
10/19/2024,VGK,FLA
10/19/2024,NYR,TOR
10/19/2024,WSH,NJD
10/19/2024,MTL,NYI
10/19/2024,VAN,PHI
10/19/2024,MIN,CBJ
10/19/2024,CAR,STL
10/19/2024,BUF,CHI
10/19/2024,BOS,UTH
10/19/2024,CGY,SEA
10/20/2024,PIT,WPG
10/20/2024,COL,SJS
10/20/2024,LAK,ANA
10/21/2024,TBL,TOR
10/22/2024,WSH,PHI
10/22/2024,MIN,FLA
10/22/2024,TBL,NJD
10/22/2024,DAL,BUF
10/22/2024,NYR,MTL
10/22/2024,TOR,CBJ
10/22/2024,DET,NYI
10/22/2024,WPG,STL
10/22/2024,VAN,CHI
10/22/2024,BOS,NSH
10/22/2024,PIT,CGY
10/22/2024,CAR,EDM
10/22/2024,OTT,UTH
10/22/2024,SJS,ANA
10/22/2024,COL,SEA
10/22/2024,LAK,VGK
10/23/2024,PHI,WSH
10/24/2024,DAL,BOS
10/24/2024,STL,TOR
10/24/2024,NJD,DET
10/24/2024,MIN,TBL
10/24/2024,FLA,NYR
10/24/2024,CAR,CGY
10/24/2024,COL,UTH
10/24/2024,WPG,SEA
10/24/2024,SJS,LAK
10/25/2024,OTT,VGK
10/25/2024,NYI,NJD
10/25/2024,NSH,CHI
10/25/2024,PIT,EDM
10/26/2024,DET,BUF
10/26/2024,MIN,PHI
10/26/2024,UTH,LAK
10/26/2024,TOR,BOS
10/26/2024,STL,MTL
10/26/2024,WSH,TBL
10/26/2024,ANA,NYR
10/26/2024,WPG,CGY
10/26/2024,FLA,NYI
10/26/2024,CBJ,NSH
10/26/2024,CHI,DAL
10/26/2024,PIT,VAN
10/26/2024,SJS,VGK
10/26/2024,CAR,SEA
10/27/2024,EDM,DET
10/27/2024,ANA,NJD
10/27/2024,MTL,PHI
10/27/2024,OTT,COL
10/28/2024,FLA,BUF
10/28/2024,NSH,TBL
10/28/2024,EDM,CBJ
10/28/2024,TOR,WPG
10/28/2024,CHI,COL
10/28/2024,SJS,UTH
10/28/2024,CAR,VAN
10/28/2024,CGY,VGK
10/29/2024,PHI,BOS
10/29/2024,SEA,MTL
10/29/2024,STL,OTT
10/29/2024,NYR,WSH
10/29/2024,ANA,NYI
10/29/2024,MIN,PIT
10/29/2024,LAK,SJS
10/30/2024,NYI,CBJ
10/30/2024,WPG,DET
10/30/2024,TBL,COL
10/30/2024,CGY,UTH
10/30/2024,NJD,VAN
10/30/2024,VGK,LAK
10/31/2024,SEA,TOR
10/31/2024,STL,PHI
10/31/2024,ANA,PIT
10/31/2024,MTL,WSH
10/31/2024,BOS,CAR
10/31/2024,EDM,NSH
10/31/2024,CHI,SJS
11/1/2024,NYI,BUF
11/1/2024,OTT,NYR
11/1/2024,WPG,CBJ
11/1/2024,TBL,MIN
11/1/2024,FLA,DAL
11/1/2024,NJD,CGY
11/2/2024,BOS,PHI
11/2/2024,CHI,LAK
11/2/2024,CBJ,WSH
11/2/2024,DAL,FLA
11/2/2024,SEA,OTT
11/2/2024,BUF,DET
11/2/2024,MTL,PIT
11/2/2024,TOR,STL
11/2/2024,COL,NSH
11/2/2024,UTH,VGK
11/2/2024,VAN,SJS
11/3/2024,NYI,NYR
11/3/2024,TBL,WPG
11/3/2024,SEA,BOS
11/3/2024,WSH,CAR
11/3/2024,TOR,MIN
11/3/2024,EDM,CGY
11/3/2024,CHI,ANA
11/4/2024,LAK,NSH
11/4/2024,NJD,EDM
11/5/2024,OTT,BUF
11/5/2024,BOS,TOR
11/5/2024,CGY,MTL
11/5/2024,PHI,CAR
11/5/2024,PIT,NYI
11/5/2024,TBL,STL
11/5/2024,LAK,MIN
11/5/2024,UTH,WPG
11/5/2024,SEA,COL
11/5/2024,VAN,ANA
11/5/2024,CBJ,SJS
11/6/2024,NSH,WSH
11/6/2024,DET,CHI
11/6/2024,VGK,EDM
11/7/2024,CGY,BOS
11/7/2024,NYI,OTT
11/7/2024,PHI,TBL
11/7/2024,NSH,FLA
11/7/2024,MTL,NJD
11/7/2024,BUF,NYR
11/7/2024,PIT,CAR
11/7/2024,UTH,STL
11/7/2024,CHI,DAL
11/7/2024,COL,WPG
11/7/2024,VAN,LAK
11/7/2024,MIN,SJS
11/8/2024,DET,TOR
11/8/2024,PIT,WSH
11/8/2024,MIN,ANA
11/8/2024,VGK,SEA
11/9/2024,CGY,BUF
11/9/2024,PHI,FLA
11/9/2024,OTT,BOS
11/9/2024,MTL,TOR
11/9/2024,NYR,DET
11/9/2024,WSH,STL
11/9/2024,DAL,WPG
11/9/2024,NJD,NYI
11/9/2024,UTH,NSH
11/9/2024,CAR,COL
11/9/2024,CBJ,LAK
11/9/2024,EDM,VAN
11/10/2024,SJS,NJD
11/10/2024,MIN,CHI
11/10/2024,CBJ,ANA
11/11/2024,MTL,BUF
11/11/2024,SJS,PHI
11/11/2024,DAL,PIT
11/11/2024,LAK,CGY
11/11/2024,NSH,COL
11/11/2024,CAR,VGK
11/12/2024,OTT,TOR
11/12/2024,NJD,FLA
11/12/2024,WPG,NYR
11/12/2024,BOS,STL
11/12/2024,NYI,EDM
11/12/2024,CGY,VAN
11/12/2024,CBJ,SEA
11/13/2024,DET,PIT
11/13/2024,TOR,WSH
11/13/2024,CAR,UTH
11/13/2024,LAK,COL
11/13/2024,VGK,ANA
11/14/2024,STL,BUF
11/14/2024,PHI,OTT
11/14/2024,WPG,TBL
11/14/2024,NJD,FLA
11/14/2024,SJS,NYR
11/14/2024,BOS,DAL
11/14/2024,MTL,MIN
11/14/2024,NSH,EDM
11/14/2024,NYI,VAN
11/14/2024,CHI,SEA
11/15/2024,PIT,CBJ
11/15/2024,WSH,COL
11/15/2024,NSH,CGY
11/15/2024,VGK,UTH
11/15/2024,DET,ANA
11/16/2024,STL,BOS
11/16/2024,NYI,SEA
11/16/2024,EDM,TOR
11/16/2024,CBJ,MTL
11/16/2024,NJD,TBL
11/16/2024,WPG,FLA
11/16/2024,BUF,PHI
11/16/2024,SJS,PIT
11/16/2024,OTT,CAR
11/16/2024,DAL,MIN
11/16/2024,DET,LAK
11/16/2024,CHI,VAN
11/17/2024,STL,CAR
11/17/2024,NSH,VAN
11/17/2024,WSH,VGK
11/17/2024,NYR,SEA
11/18/2024,CBJ,BOS
11/18/2024,COL,PHI
11/18/2024,EDM,MTL
11/18/2024,ANA,DAL
11/18/2024,WSH,UTH
11/18/2024,DET,SJS
11/19/2024,EDM,OTT
11/19/2024,TBL,PIT
11/19/2024,MIN,STL
11/19/2024,FLA,WPG
11/19/2024,ANA,CHI
11/19/2024,NYI,CGY
11/19/2024,NYR,VAN
11/20/2024,VGK,TOR
11/20/2024,CAR,PHI
11/20/2024,SJS,DAL
11/20/2024,NSH,SEA
11/20/2024,BUF,LAK
11/21/2024,UTH,BOS
11/21/2024,VGK,OTT
11/21/2024,NYI,DET
11/21/2024,CAR,NJD
11/21/2024,COL,WSH
11/21/2024,TBL,CBJ
11/21/2024,SJS,STL
11/21/2024,FLA,CHI
11/21/2024,NYR,CGY
11/21/2024,MIN,EDM
11/22/2024,WPG,PIT
11/22/2024,BUF,ANA
11/23/2024,CHI,PHI
11/23/2024,MIN,CGY
11/23/2024,SEA,LAK
11/23/2024,COL,FLA
11/23/2024,VGK,MTL
11/23/2024,VAN,OTT
11/23/2024,BOS,DET
11/23/2024,DAL,TBL
11/23/2024,UTH,PIT
11/23/2024,NJD,WSH
11/23/2024,CAR,CBJ
11/23/2024,WPG,NSH
11/23/2024,STL,NYI
11/23/2024,BUF,SJS
11/23/2024,NYR,EDM
11/24/2024,UTH,TOR
11/25/2024,COL,TBL
11/25/2024,WSH,FLA
11/25/2024,NSH,NJD
11/25/2024,STL,NYR
11/25/2024,VGK,PHI
11/25/2024,DAL,CAR
11/25/2024,CGY,OTT
11/25/2024,DET,NYI
11/25/2024,WPG,MIN
11/25/2024,SEA,ANA
11/25/2024,LAK,SJS
11/26/2024,VAN,BOS
11/26/2024,UTH,MTL
11/27/2024,MIN,BUF
11/27/2024,STL,NJD
11/27/2024,NYR,CAR
11/27/2024,CGY,DET
11/27/2024,WSH,TBL
11/27/2024,TOR,FLA
11/27/2024,BOS,NYI
11/27/2024,VAN,PIT
11/27/2024,MTL,CBJ
11/27/2024,PHI,NSH
11/27/2024,DAL,CHI
11/27/2024,VGK,COL
11/27/2024,WPG,LAK
11/27/2024,ANA,SEA
11/27/2024,OTT,SJS
11/29/2024,NYR,PHI
11/29/2024,CHI,MIN
11/29/2024,VAN,BUF
11/29/2024,NJD,DET
11/29/2024,NYI,WSH
11/29/2024,FLA,CAR
11/29/2024,CGY,CBJ
11/29/2024,TBL,NSH
11/29/2024,LAK,ANA
11/29/2024,SEA,SJS
11/29/2024,PIT,BOS
11/29/2024,COL,DAL
11/29/2024,WPG,VGK
11/29/2024,EDM,UTH
11/30/2024,MTL,NYR
11/30/2024,CAR,FLA
11/30/2024,TOR,TBL
11/30/2024,WSH,NJD
11/30/2024,CGY,PIT
11/30/2024,PHI,STL
11/30/2024,OTT,LAK
11/30/2024,BUF,NYI
11/30/2024,NSH,MIN
11/30/2024,EDM,COL
11/30/2024,UTH,VGK
11/30/2024,SJS,SEA
12/1/2024,VAN,DET
12/1/2024,MTL,BOS
12/1/2024,CBJ,CHI
12/1/2024,WPG,DAL
12/1/2024,OTT,ANA
12/2/2024,NJD,NYR
12/2/2024,CHI,TOR
12/2/2024,DAL,UTH
12/3/2024,DET,BOS
12/3/2024,COL,BUF
12/3/2024,NYI,MTL
12/3/2024,FLA,PIT
12/3/2024,SJS,WSH
12/3/2024,SEA,CAR
12/3/2024,VAN,MIN
12/3/2024,STL,WPG
12/3/2024,CBJ,CGY
12/3/2024,EDM,VGK
12/4/2024,NSH,TOR
12/4/2024,BOS,CHI
12/4/2024,VGK,ANA
12/4/2024,DAL,LAK
12/5/2024,WPG,BUF
12/5/2024,NSH,MTL
12/5/2024,DET,OTT
12/5/2024,SJS,TBL
12/5/2024,FLA,PHI
12/5/2024,COL,CAR
12/5/2024,SEA,NYI
12/5/2024,STL,CGY
12/5/2024,CBJ,EDM
12/6/2024,WSH,TOR
12/6/2024,SEA,NJD
12/6/2024,PIT,NYR
12/6/2024,CBJ,VAN
12/6/2024,DAL,VGK
12/6/2024,MIN,ANA
12/7/2024,PHI,BOS
12/7/2024,UTH,BUF
12/7/2024,WPG,CHI
12/7/2024,CAR,NYI
12/7/2024,SJS,FLA
12/7/2024,WSH,MTL
12/7/2024,NSH,OTT
12/7/2024,COL,DET
12/7/2024,TOR,PIT
12/7/2024,MIN,LAK
12/7/2024,STL,EDM
12/8/2024,SEA,NYR
12/8/2024,TBL,VAN
12/8/2024,NYI,OTT
12/8/2024,CBJ,WPG
12/8/2024,COL,NJD
12/8/2024,UTH,PHI
12/8/2024,CGY,DAL
12/9/2024,DET,BUF
12/9/2024,CHI,NYR
12/9/2024,ANA,MTL
12/10/2024,TOR,NJD
12/10/2024,COL,PIT
12/10/2024,SJS,CAR
12/10/2024,PHI,CBJ
12/10/2024,LAK,NYI
12/10/2024,CGY,NSH
12/10/2024,BOS,WPG
12/10/2024,TBL,EDM
12/10/2024,MIN,UTH
12/10/2024,STL,VAN
12/10/2024,FLA,SEA
12/11/2024,NYR,BUF
12/11/2024,ANA,OTT
12/12/2024,ANA,TOR
12/12/2024,PIT,MTL
12/12/2024,LAK,NJD
12/12/2024,DET,PHI
12/12/2024,WSH,CBJ
12/12/2024,CHI,NYI
12/12/2024,SJS,STL
12/12/2024,NSH,DAL
12/12/2024,EDM,MIN
12/12/2024,VGK,WPG
12/12/2024,UTH,COL
12/12/2024,TBL,CGY
12/12/2024,FLA,VAN
12/12/2024,BOS,SEA
12/13/2024,OTT,CAR
12/14/2024,CHI,NJD
12/14/2024,LAK,NYR
12/14/2024,PHI,MIN
12/14/2024,VGK,EDM
12/14/2024,PIT,OTT
12/14/2024,TOR,DET
12/14/2024,BUF,WSH
12/14/2024,ANA,CBJ
12/14/2024,MTL,WPG
12/14/2024,STL,DAL
12/14/2024,NSH,COL
12/14/2024,FLA,CGY
12/14/2024,BOS,VAN
12/14/2024,UTH,SJS
12/14/2024,TBL,SEA
12/15/2024,NYI,CHI
12/15/2024,BUF,TOR
12/15/2024,CBJ,CAR
12/15/2024,NYR,STL
12/15/2024,VGK,MIN
12/16/2024,WSH,DAL
12/16/2024,FLA,EDM
12/16/2024,COL,VAN
12/17/2024,BUF,MTL
12/17/2024,CBJ,TBL
12/17/2024,LAK,PIT
12/17/2024,NYI,CAR
12/17/2024,NJD,STL
12/17/2024,NYR,NSH
12/17/2024,WSH,CHI
12/17/2024,BOS,CGY
12/17/2024,OTT,SEA
12/17/2024,WPG,SJS
12/18/2024,PHI,DET
12/18/2024,TOR,DAL
12/18/2024,FLA,MIN
12/18/2024,VAN,UTH
12/18/2024,WPG,ANA
12/19/2024,STL,TBL
12/19/2024,LAK,PHI
12/19/2024,NJD,CBJ
12/19/2024,PIT,NSH
12/19/2024,SEA,CHI
12/19/2024,OTT,CGY
12/19/2024,BOS,EDM
12/19/2024,VAN,VGK
12/19/2024,COL,SJS
12/20/2024,TOR,BUF
12/20/2024,MTL,DET
12/20/2024,STL,FLA
12/20/2024,CAR,WSH
12/20/2024,NYR,DAL
12/20/2024,UTH,MIN
12/20/2024,COL,ANA
12/21/2024,LAK,NSH
12/21/2024,CHI,CGY
12/21/2024,SJS,EDM
12/21/2024,BUF,BOS
12/21/2024,NYI,TOR
12/21/2024,DET,MTL
12/21/2024,PIT,NJD
12/21/2024,CBJ,PHI
12/21/2024,MIN,WPG
12/21/2024,OTT,VAN
12/21/2024,SEA,VGK
12/22/2024,CAR,NYR
12/22/2024,FLA,TBL
12/22/2024,LAK,WSH
12/22/2024,ANA,UTH
12/22/2024,SEA,COL
12/22/2024,OTT,EDM
12/23/2024,NYR,NJD
12/23/2024,WPG,TOR
12/23/2024,WSH,BOS
12/23/2024,STL,DET
12/23/2024,TBL,FLA
12/23/2024,PHI,PIT
12/23/2024,MTL,CBJ
12/23/2024,BUF,NYI
12/23/2024,CAR,NSH
12/23/2024,CHI,MIN
12/23/2024,SJS,VAN
12/23/2024,DAL,UTH
12/23/2024,ANA,VGK
12/27/2024,CHI,BUF
12/27/2024,TOR,DET
12/27/2024,CAR,NJD
12/27/2024,BOS,CBJ
12/27/2024,NSH,STL
12/27/2024,MIN,DAL
12/27/2024,COL,UTH
12/27/2024,VGK,SJS
12/28/2024,MTL,FLA
12/28/2024,SEA,VAN
12/28/2024,PHI,ANA
12/28/2024,EDM,LAK
12/28/2024,CBJ,BOS
12/28/2024,WSH,TOR
12/28/2024,NYR,TBL
12/28/2024,NJD,CAR
12/28/2024,OTT,WPG
12/28/2024,PIT,NYI
12/28/2024,CGY,SJS
12/29/2024,DAL,CHI
12/29/2024,EDM,ANA
12/29/2024,WSH,DET
12/29/2024,MTL,TBL
12/29/2024,NYI,PIT
12/29/2024,BUF,STL
12/29/2024,OTT,MIN
12/29/2024,CGY,VGK
12/29/2024,PHI,LAK
12/30/2024,NYR,FLA
12/30/2024,NSH,WPG
12/30/2024,UTH,SEA
12/31/2024,BOS,WSH
12/31/2024,NYI,TOR
12/31/2024,MTL,VGK
12/31/2024,STL,CHI
12/31/2024,PIT,DET
12/31/2024,CAR,CBJ
12/31/2024,BUF,DAL
12/31/2024,NSH,MIN
12/31/2024,WPG,COL
12/31/2024,NJD,ANA
12/31/2024,PHI,SJS
12/31/2024,VAN,CGY
12/31/2024,UTH,EDM
1/1/2025,NJD,LAK
1/2/2025,CAR,FLA
1/2/2025,BOS,NYR
1/2/2025,MIN,WSH
1/2/2025,DET,CBJ
1/2/2025,TOR,NYI
1/2/2025,OTT,DAL
1/2/2025,ANA,WPG
1/2/2025,BUF,COL
1/2/2025,UTH,CGY
1/2/2025,PHI,VGK
1/2/2025,VAN,SEA
1/2/2025,TBL,SJS
1/3/2025,PIT,FLA
1/3/2025,MTL,CHI
1/3/2025,OTT,STL
1/3/2025,ANA,EDM
1/3/2025,NSH,VAN
1/4/2025,NYR,WSH
1/4/2025,DET,WPG
1/4/2025,NJD,SJS
1/4/2025,BOS,TOR
1/4/2025,MIN,CAR
1/4/2025,STL,CBJ
1/4/2025,MTL,COL
1/4/2025,NSH,CGY
1/4/2025,UTH,DAL
1/4/2025,TBL,LAK
1/4/2025,BUF,VGK
1/4/2025,EDM,SEA
1/5/2025,NYR,CHI
1/5/2025,NYI,BOS
1/5/2025,PIT,CAR
1/5/2025,PHI,TOR
1/5/2025,TBL,ANA
1/6/2025,WSH,BUF
1/6/2025,VAN,MTL
1/6/2025,FLA,COL
1/6/2025,NJD,SEA
1/7/2025,EDM,BOS
1/7/2025,OTT,DET
1/7/2025,DAL,NYR
1/7/2025,TOR,PHI
1/7/2025,CBJ,PIT
1/7/2025,STL,MIN
1/7/2025,NSH,WPG
1/7/2025,CGY,ANA
1/7/2025,VGK,SJS
1/8/2025,VAN,WSH
1/8/2025,COL,CHI
1/8/2025,FLA,UTH
1/8/2025,CGY,LAK
1/9/2025,BUF,OTT
1/9/2025,BOS,TBL
1/9/2025,NJD,NYR
1/9/2025,DAL,PHI
1/9/2025,EDM,PIT
1/9/2025,TOR,CAR
1/9/2025,SEA,CBJ
1/9/2025,ANA,STL
1/9/2025,COL,MIN
1/9/2025,NYI,VGK
1/10/2025,CHI,DET
1/10/2025,MTL,WSH
1/10/2025,VAN,CAR
1/10/2025,LAK,WPG
1/10/2025,SJS,UTH
1/11/2025,BOS,FLA
1/11/2025,SEA,BUF
1/11/2025,OTT,PIT
1/11/2025,VAN,TOR
1/11/2025,DAL,MTL
1/11/2025,TBL,NJD
1/11/2025,ANA,PHI
1/11/2025,EDM,CHI
1/11/2025,CBJ,STL
1/11/2025,COL,WPG
1/11/2025,WSH,NSH
1/11/2025,NYI,UTH
1/11/2025,LAK,CGY
1/11/2025,NYR,VGK
1/11/2025,MIN,SJS
1/12/2025,SEA,DET
1/12/2025,DAL,OTT
1/12/2025,TBL,PIT
1/12/2025,ANA,CAR
1/12/2025,MIN,VGK
1/13/2025,FLA,PHI
1/13/2025,CGY,CHI
1/13/2025,LAK,EDM
1/14/2025,TBL,BOS
1/14/2025,DAL,TOR
1/14/2025,SJS,DET
1/14/2025,FLA,NJD
1/14/2025,SEA,PIT
1/14/2025,ANA,WSH
1/14/2025,PHI,CBJ
1/14/2025,OTT,NYI
1/14/2025,CGY,STL
1/14/2025,VGK,NSH
1/14/2025,VAN,WPG
1/14/2025,NYR,COL
1/14/2025,MTL,UTH
1/15/2025,CAR,BUF
1/15/2025,EDM,MIN
1/16/2025,NJD,TOR
1/16/2025,WSH,OTT
1/16/2025,ANA,TBL
1/16/2025,DET,FLA
1/16/2025,SJS,CBJ
1/16/2025,PHI,NYI
1/16/2025,CGY,STL
1/16/2025,CHI,NSH
1/16/2025,MTL,DAL
1/16/2025,SEA,WPG
1/16/2025,NYR,UTH
1/16/2025,EDM,COL
1/16/2025,LAK,VAN
1/17/2025,PIT,BUF
1/17/2025,VGK,CAR
1/18/2025,PHI,NJD
1/18/2025,BOS,OTT
1/18/2025,DAL,COL
1/18/2025,ANA,FLA
1/18/2025,TOR,MTL
1/18/2025,DET,TBL
1/18/2025,CBJ,NYR
1/18/2025,PIT,WSH
1/18/2025,CGY,WPG
1/18/2025,SJS,NYI
1/18/2025,VGK,CHI
1/18/2025,MIN,NSH
1/18/2025,STL,UTH
1/18/2025,EDM,VAN
1/18/2025,LAK,SEA
1/19/2025,OTT,NJD
1/19/2025,NYR,MTL
1/19/2025,DET,DAL
1/20/2025,SJS,BOS
1/20/2025,MIN,COL
1/20/2025,BUF,SEA
1/20/2025,STL,VGK
1/20/2025,TBL,TOR
1/20/2025,CBJ,NYI
1/20/2025,CAR,CHI
1/20/2025,WPG,UTH
1/20/2025,PIT,LAK
1/21/2025,TBL,MTL
1/21/2025,OTT,NYR
1/21/2025,DET,PHI
1/21/2025,SJS,NSH
1/21/2025,CAR,DAL
1/21/2025,WSH,EDM
1/21/2025,BUF,VAN
1/21/2025,FLA,ANA
1/22/2025,CBJ,TOR
1/22/2025,BOS,NJD
1/22/2025,WPG,COL
1/22/2025,FLA,LAK
1/23/2025,OTT,BOS
1/23/2025,MTL,DET
1/23/2025,PHI,NYR
1/23/2025,CBJ,CAR
1/23/2025,VGK,STL
1/23/2025,UTH,MIN
1/23/2025,BUF,CGY
1/23/2025,VAN,EDM
1/23/2025,PIT,ANA
1/23/2025,WSH,SEA
1/23/2025,NSH,SJS
1/24/2025,PHI,NYI
1/24/2025,TBL,CHI
1/24/2025,VGK,DAL
1/24/2025,UTH,WPG
1/25/2025,COL,BOS
1/25/2025,BUF,EDM
1/25/2025,PIT,SEA
1/25/2025,NJD,MTL
1/25/2025,TOR,OTT
1/25/2025,TBL,DET
1/25/2025,LAK,CBJ
1/25/2025,DAL,STL
1/25/2025,CGY,MIN
1/25/2025,CAR,NYI
1/25/2025,WSH,VAN
1/25/2025,NSH,ANA
1/25/2025,FLA,SJS
1/26/2025,COL,NYR
1/26/2025,UTH,OTT
1/26/2025,CGY,WPG
1/26/2025,MIN,CHI
1/26/2025,FLA,VGK
1/27/2025,LAK,DET
1/27/2025,NJD,PHI
1/27/2025,VAN,STL
1/27/2025,SEA,EDM
1/27/2025,PIT,SJS
1/28/2025,BOS,BUF
1/28/2025,WPG,MTL
1/28/2025,CHI,TBL
1/28/2025,CAR,NYR
1/28/2025,COL,NYI
1/28/2025,WSH,CGY
1/28/2025,DAL,VGK
1/28/2025,ANA,SEA
1/29/2025,MIN,TOR
1/29/2025,LAK,FLA
1/29/2025,PHI,NJD
1/29/2025,VAN,NSH
1/29/2025,PIT,UTH
1/30/2025,WPG,BOS
1/30/2025,MIN,MTL
1/30/2025,WSH,OTT
1/30/2025,LAK,TBL
1/30/2025,NYI,PHI
1/30/2025,CHI,CAR
1/30/2025,ANA,CGY
1/30/2025,DET,EDM
1/30/2025,CBJ,VGK
1/30/2025,SJS,SEA
1/31/2025,NSH,BUF
1/31/2025,VAN,DAL
1/31/2025,STL,COL
1/31/2025,CBJ,UTH
2/1/2025,CHI,FLA
2/1/2025,NYR,BOS
2/1/2025,MIN,OTT
2/1/2025,NYI,TBL
2/1/2025,NSH,PIT
2/1/2025,WPG,WSH
2/1/2025,LAK,CAR
2/1/2025,TOR,EDM
2/1/2025,DET,CGY
2/2/2025,NJD,BUF
2/2/2025,PHI,COL
2/2/2025,MTL,ANA
2/2/2025,NYI,FLA
2/2/2025,VGK,NYR
2/2/2025,CBJ,DAL
2/2/2025,STL,UTH
2/2/2025,DET,VAN
2/2/2025,CGY,SEA
2/3/2025,OTT,NSH
2/4/2025,MIN,BOS
2/4/2025,CBJ,BUF
2/4/2025,OTT,TBL
2/4/2025,NJD,PIT
2/4/2025,FLA,WSH
2/4/2025,VGK,NYI
2/4/2025,EDM,STL
2/4/2025,CAR,WPG
2/4/2025,TOR,CGY
2/4/2025,PHI,UTH
2/4/2025,COL,VAN
2/4/2025,DAL,ANA
2/4/2025,DET,SEA
2/4/2025,MTL,SJS
2/5/2025,BOS,NYR
2/5/2025,EDM,CHI
2/5/2025,MTL,LAK
2/6/2025,OTT,TBL
2/6/2025,VGK,NJD
2/6/2025,WSH,PHI
2/6/2025,UTH,CBJ
2/6/2025,FLA,STL
2/6/2025,CAR,MIN
2/6/2025,COL,CGY
2/6/2025,TOR,SEA
2/6/2025,VAN,SJS
2/7/2025,PIT,NYR
2/7/2025,NYI,WPG
2/7/2025,NSH,CHI
2/7/2025,COL,EDM
2/7/2025,DAL,LAK
2/8/2025,NJD,MTL
2/8/2025,TBL,DET
2/8/2025,UTH,CAR
2/8/2025,VGK,BOS
2/8/2025,OTT,FLA
2/8/2025,PIT,PHI
2/8/2025,NYR,CBJ
2/8/2025,CHI,STL
2/8/2025,TOR,VAN
2/8/2025,BUF,NSH
2/8/2025,NYI,MIN
2/8/2025,SEA,CGY
2/8/2025,ANA,LAK
2/8/2025,DAL,SJS
2/9/2025,UTH,WSH
2/9/2025,TBL,MTL
2/22/2025,EDM,PHI
2/22/2025,WSH,PIT
2/22/2025,MIN,DET
2/22/2025,NYR,BUF
2/22/2025,SEA,FLA
2/22/2025,DAL,NJD
2/22/2025,COL,NSH
2/22/2025,ANA,BOS
2/22/2025,CAR,TOR
2/22/2025,MTL,OTT
2/22/2025,CHI,CBJ
2/22/2025,WPG,STL
2/22/2025,UTH,LAK
2/22/2025,VAN,VGK
2/23/2025,EDM,WSH
2/23/2025,NYR,PIT
2/23/2025,ANA,DET
2/23/2025,SEA,TBL
2/23/2025,COL,STL
2/23/2025,NJD,NSH
2/23/2025,TOR,CHI
2/23/2025,DAL,NYI
2/23/2025,SJS,CGY
2/23/2025,VAN,UTH
2/24/2025,SJS,WPG
2/24/2025,VGK,LAK
2/25/2025,TOR,BOS
2/25/2025,ANA,BUF
2/25/2025,CAR,MTL
2/25/2025,EDM,TBL
2/25/2025,PIT,PHI
2/25/2025,CGY,WSH
2/25/2025,DAL,CBJ
2/25/2025,NYR,NYI
2/25/2025,SEA,STL
2/25/2025,FLA,NSH
2/25/2025,DET,MIN
2/25/2025,CHI,UTH
2/26/2025,WPG,OTT
2/26/2025,NJD,COL
2/26/2025,VAN,LAK
2/27/2025,NYI,BOS
2/27/2025,SJS,MTL
2/27/2025,CBJ,DET
2/27/2025,CGY,TBL
2/27/2025,EDM,FLA
2/27/2025,PHI,PIT
2/27/2025,STL,WSH
2/27/2025,BUF,CAR
2/27/2025,WPG,NSH
2/27/2025,MIN,UTH
2/27/2025,CHI,VGK
2/27/2025,VAN,ANA
2/28/2025,TOR,NYR
2/28/2025,LAK,DAL
2/28/2025,MIN,COL
3/1/2025,NSH,NYI
3/1/2025,TBL,WSH
3/1/2025,DET,CBJ
3/1/2025,CGY,FLA
3/1/2025,BOS,PIT
3/1/2025,MTL,BUF
3/1/2025,SJS,OTT
3/1/2025,EDM,CAR
3/1/2025,PHI,WPG
3/1/2025,LAK,STL
3/1/2025,NJD,UTH
3/1/2025,CHI,ANA
3/1/2025,VAN,SEA
3/2/2025,TOR,PIT
3/2/2025,BOS,MIN
3/2/2025,CGY,CAR
3/2/2025,STL,DAL
3/2/2025,NSH,NYR
3/2/2025,NJD,VGK
3/3/2025,OTT,WSH
3/3/2025,BUF,MTL
3/3/2025,TBL,FLA
3/3/2025,NYI,NYR
3/3/2025,SJS,TOR
3/3/2025,LAK,CHI
3/4/2025,NSH,BOS
3/4/2025,SJS,BUF
3/4/2025,CAR,DET
3/4/2025,CBJ,TBL
3/4/2025,CGY,PHI
3/4/2025,WPG,NYI
3/4/2025,NJD,DAL
3/4/2025,PIT,COL
3/4/2025,ANA,EDM
3/4/2025,MIN,SEA
3/5/2025,WSH,NYR
3/5/2025,OTT,CHI
3/5/2025,TOR,VGK
3/5/2025,ANA,VAN
3/5/2025,STL,LAK
3/6/2025,UTH,DET
3/6/2025,BUF,TBL
3/6/2025,CBJ,FLA
3/6/2025,WPG,PHI
3/6/2025,BOS,CAR
3/6/2025,SEA,NSH
3/6/2025,CGY,DAL
3/6/2025,MTL,EDM
3/6/2025,SJS,COL
3/7/2025,WPG,NJD
3/7/2025,DET,WSH
3/7/2025,UTH,CHI
3/7/2025,MIN,VAN
3/7/2025,PIT,VGK
3/7/2025,STL,ANA
3/8/2025,NYR,OTT
3/8/2025,SEA,PHI
3/8/2025,BOS,TBL
3/8/2025,BUF,FLA
3/8/2025,TOR,COL
3/8/2025,MTL,CGY
3/8/2025,CHI,NSH
3/8/2025,STL,LAK
3/8/2025,DAL,EDM
3/8/2025,NYI,SJS
3/9/2025,NJD,PHI
3/9/2025,SEA,WSH
3/9/2025,PIT,MIN
3/9/2025,WPG,CAR
3/9/2025,CBJ,NYR
3/9/2025,LAK,VGK
3/9/2025,DAL,VAN
3/9/2025,NYI,ANA
3/10/2025,EDM,BUF
3/10/2025,DET,OTT
3/10/2025,CHI,COL
3/10/2025,TOR,UTH
3/11/2025,FLA,BOS
3/11/2025,CBJ,NJD
3/11/2025,OTT,PHI
3/11/2025,VGK,PIT
3/11/2025,TBL,CAR
3/11/2025,COL,MIN
3/11/2025,NYR,WPG
3/11/2025,MTL,VAN
3/11/2025,WSH,ANA
3/11/2025,NYI,LAK
3/11/2025,NSH,SJS
3/12/2025,BUF,DET
3/12/2025,VAN,CGY
3/12/2025,ANA,UTH
3/12/2025,MTL,SEA
3/13/2025,FLA,TOR
3/13/2025,BOS,OTT
3/13/2025,EDM,NJD
3/13/2025,TBL,PHI
3/13/2025,STL,PIT
3/13/2025,VGK,CBJ
3/13/2025,NYR,MIN
3/13/2025,WSH,LAK
3/13/2025,CHI,SJS
3/14/2025,DET,CAR
3/14/2025,EDM,NYI
3/14/2025,DAL,WPG
3/14/2025,COL,CGY
3/14/2025,NSH,ANA
3/14/2025,UTH,SEA
3/15/2025,VGK,BUF
3/15/2025,NJD,PIT
3/15/2025,WSH,SJS
3/15/2025,TBL,BOS
3/15/2025,OTT,TOR
3/15/2025,FLA,MTL
3/15/2025,CAR,PHI
3/15/2025,NYR,CBJ
3/15/2025,STL,MIN
3/15/2025,NSH,LAK
3/15/2025,CHI,VAN
3/16/2025,VGK,DET
3/16/2025,DAL,COL
3/16/2025,ANA,STL
3/16/2025,EDM,NYR
3/16/2025,FLA,NYI
3/16/2025,UTH,VAN
3/16/2025,WPG,SEA
3/17/2025,BUF,BOS
3/17/2025,PHI,TBL
3/17/2025,NJD,CBJ
3/17/2025,CGY,TOR
3/17/2025,LAK,MIN
3/18/2025,OTT,MTL
3/18/2025,CGY,NYR
3/18/2025,NYI,PIT
3/18/2025,DET,WSH
3/18/2025,STL,NSH
3/18/2025,ANA,DAL
3/18/2025,SEA,CHI
3/18/2025,UTH,EDM
3/18/2025,WPG,VAN
3/19/2025,COL,TOR
3/19/2025,SEA,MIN
3/20/2025,COL,OTT
3/20/2025,CGY,NJD
3/20/2025,TOR,NYR
3/20/2025,PHI,WSH
3/20/2025,FLA,CBJ
3/20/2025,MTL,NYI
3/20/2025,VAN,STL
3/20/2025,ANA,NSH
3/20/2025,TBL,DAL
3/20/2025,LAK,CHI
3/20/2025,WPG,EDM
3/20/2025,BUF,UTH
3/20/2025,BOS,VGK
3/20/2025,CAR,SJS
3/21/2025,CBJ,PIT
3/22/2025,VAN,NYR
3/22/2025,PHI,DAL
3/22/2025,BUF,MIN
3/22/2025,CHI,STL
3/22/2025,CGY,NYI
3/22/2025,CAR,LAK
3/22/2025,FLA,WSH
3/22/2025,TBL,UTH
3/22/2025,COL,MTL
3/22/2025,OTT,NJD
3/22/2025,TOR,NSH
3/22/2025,DET,VGK
3/22/2025,SEA,EDM
3/22/2025,BOS,SJS
3/23/2025,PHI,CHI
3/23/2025,BUF,WPG
3/23/2025,PIT,FLA
3/23/2025,NSH,STL
3/23/2025,TBL,VGK
3/23/2025,CAR,ANA
3/23/2025,BOS,LAK
3/24/2025,VAN,NJD
3/24/2025,CBJ,NYI
3/24/2025,MIN,DAL
3/24/2025,DET,UTH
3/25/2025,OTT,BUF
3/25/2025,PHI,TOR
3/25/2025,PIT,TBL
3/25/2025,NSH,CAR
3/25/2025,MTL,STL
3/25/2025,VGK,MIN
3/25/2025,WSH,WPG
3/25/2025,DET,COL
3/25/2025,SEA,CGY
3/25/2025,NYR,LAK
3/26/2025,VAN,NYI
3/26/2025,NJD,CHI
3/26/2025,DAL,EDM
3/26/2025,BOS,ANA
3/27/2025,PIT,BUF
3/27/2025,OTT,DET
3/27/2025,UTH,TBL
3/27/2025,MTL,PHI
3/27/2025,STL,NSH
3/27/2025,WSH,MIN
3/27/2025,LAK,COL
3/27/2025,DAL,CGY
3/27/2025,EDM,SEA
3/27/2025,TOR,SJS
3/28/2025,UTH,FLA
3/28/2025,MTL,CAR
3/28/2025,VAN,CBJ
3/28/2025,NJD,WPG
3/28/2025,VGK,CHI
3/28/2025,NYR,ANA
3/29/2025,BUF,PHI
3/29/2025,NYI,TBL
3/29/2025,STL,COL
3/29/2025,NJD,MIN
3/29/2025,VGK,NSH
3/29/2025,CBJ,OTT
3/29/2025,TOR,LAK
3/29/2025,BOS,DET
3/29/2025,CGY,EDM
3/29/2025,NYR,SJS
3/29/2025,DAL,SEA
3/30/2025,MTL,FLA
3/30/2025,BUF,WSH
3/30/2025,VAN,WPG
3/30/2025,UTH,CHI
3/30/2025,OTT,PIT
3/30/2025,NYI,CAR
3/30/2025,TOR,ANA
3/30/2025,SJS,LAK
3/31/2025,MIN,NJD
3/31/2025,NSH,PHI
3/31/2025,CGY,COL
3/31/2025,DAL,SEA
4/1/2025,WSH,BOS
4/1/2025,FLA,MTL
4/1/2025,BUF,OTT
4/1/2025,NSH,CBJ
4/1/2025,TBL,NYI
4/1/2025,DET,STL
4/1/2025,CGY,UTH
4/1/2025,EDM,VGK
4/1/2025,SJS,ANA
4/1/2025,WPG,LAK
4/2/2025,MIN,NYR
4/2/2025,WSH,CAR
4/2/2025,FLA,TOR
4/2/2025,COL,CHI
4/2/2025,SEA,VAN
4/3/2025,BOS,MTL
4/3/2025,TBL,OTT
4/3/2025,COL,CBJ
4/3/2025,PIT,STL
4/3/2025,NSH,DAL
4/3/2025,LAK,UTH
4/3/2025,ANA,CGY
4/3/2025,WPG,VGK
4/3/2025,EDM,SJS
4/4/2025,CAR,DET
4/4/2025,CHI,WSH
4/4/2025,MIN,NYI
4/5/2025,NYR,NJD
4/5/2025,FLA,OTT
4/5/2025,PIT,DAL
4/5/2025,ANA,VAN
4/5/2025,EDM,LAK
4/5/2025,CAR,BOS
4/5/2025,TBL,BUF
4/5/2025,CBJ,TOR
4/5/2025,PHI,MTL
4/5/2025,COL,STL
4/5/2025,WPG,UTH
4/5/2025,VGK,CGY
4/5/2025,SEA,SJS
4/6/2025,WSH,NYI
4/6/2025,DAL,MIN
4/6/2025,CBJ,OTT
4/6/2025,FLA,DET
4/6/2025,BOS,BUF
4/6/2025,PIT,CHI
4/6/2025,MTL,NSH
4/6/2025,VGK,VAN
4/7/2025,TBL,NYR
4/7/2025,STL,WPG
4/7/2025,EDM,ANA
4/7/2025,SEA,LAK
4/7/2025,CGY,SJS
4/8/2025,CAR,BUF
4/8/2025,DET,MTL
4/8/2025,TOR,FLA
4/8/2025,BOS,NJD
4/8/2025,OTT,CBJ
4/8/2025,CHI,PIT
4/8/2025,NYI,NSH
4/8/2025,VAN,DAL
4/8/2025,SEA,UTH
4/8/2025,VGK,COL
4/9/2025,TOR,TBL
4/9/2025,PHI,NYR
4/9/2025,SJS,MIN
4/9/2025,STL,EDM
4/9/2025,CGY,ANA
4/10/2025,CHI,BOS
4/10/2025,DET,FLA
4/10/2025,CAR,WSH
4/10/2025,BUF,CBJ
4/10/2025,NYR,NYI
4/10/2025,WPG,DAL
4/10/2025,VAN,COL
4/10/2025,NSH,UTH
4/10/2025,SEA,VGK
4/10/2025,ANA,LAK
4/11/2025,MTL,OTT
4/11/2025,DET,TBL
4/11/2025,PIT,NJD
4/11/2025,SJS,EDM
4/11/2025,MIN,CGY
4/12/2025,NYI,PHI
4/12/2025,NYR,CAR
4/12/2025,COL,LAK
4/12/2025,BUF,FLA
4/12/2025,MTL,TOR
4/12/2025,WSH,CBJ
4/12/2025,WPG,CHI
4/12/2025,UTH,DAL
4/12/2025,MIN,VAN
4/12/2025,NSH,VGK
4/12/2025,STL,SEA
4/13/2025,PHI,OTT
4/13/2025,NYI,NJD
4/13/2025,BOS,PIT
4/13/2025,TOR,CAR
4/13/2025,BUF,TBL
4/13/2025,CBJ,WSH
4/13/2025,EDM,WPG
4/13/2025,SJS,CGY
4/13/2025,COL,ANA
4/14/2025,CHI,MTL
4/14/2025,DAL,DET
4/14/2025,NYR,FLA
4/14/2025,UTH,NSH
4/14/2025,LAK,EDM
4/14/2025,SJS,VAN
4/15/2025,NJD,BOS
4/15/2025,TOR,BUF
4/15/2025,CHI,OTT
4/15/2025,FLA,TBL
4/15/2025,CBJ,PHI
4/15/2025,WSH,NYI
4/15/2025,UTH,STL
4/15/2025,ANA,MIN
4/15/2025,VGK,CGY
4/15/2025,LAK,SEA
4/16/2025,CAR,MTL
4/16/2025,ANA,WPG
4/16/2025,DET,NJD
4/16/2025,DAL,NSH
4/16/2025,VGK,VAN
4/16/2025,EDM,SJS
4/17/2025,PHI,BUF
4/17/2025,DET,TOR
4/17/2025,CAR,OTT
4/17/2025,TBL,NYR
4/17/2025,WSH,PIT
4/17/2025,NYI,CBJ
